{
    "criterion": "squared_error",
    "max_depth": null,
    "max_features": "sqrt",
    "n_estimators": 550,
    "mape": 0.31648786708955856,
    "R2": -0.10042477949148587,
    "mse mean": 0.31648786708955856,
    "mse std": 0.29543889491697434
}