{
    "criterion": "poisson",
    "max_depth": null,
    "max_features": 10,
    "max_samples": null,
    "n_estimators": 140,
    "mape": 0.329877814302959,
    "R2": -0.21529309236982286,
    "mse mean": 0.329877814302959,
    "mse std": 0.3047582818866512
}