{
    "C": 3,
    "cache_size": 100,
    "gamma": 1,
    "kernel": "rbf",
    "mape": 0.09204103240763249,
    "R2": 0.934502431652103,
    "mse mean": 0.09204103240763249,
    "mse std": 0.06418585384556147
}